iris_code,rf_score
920620403,81.9
781230104,33.4
920440118,49.3
751051906,95.4
751145507,81.1
920760102,41.4
751072503,79.1
751187107,87.3
940760120,59.4
751114406,91.6
751031204,94.0
751093306,97.8
751041602,80.0
930640112,43.0
914210101,50.3
930270119,30.2
751103909,51.5
786460407,84.0
920260503,64.2
955850108,11.1
930610104,78.4
930390102,70.9
751020702,97.9
751020703,96.5
772510104,30.1
751208010,83.6
751052002,95.2
751114411,94.9
751114412,96.9
930060114,79.3
772850301,48.5
751124507,90.9
955550108,70.0
751208014,95.6
751020805,93.3
751072703,65.2
751124804,91.5
786460603,68.4
952770201,39.0
912230104,45.8
920440120,69.0
930530115,35.7
920240403,79.0
751135110,54.8
930620101,40.5
930630106,78.9
930640113,19.6
940800202,89.7
784980105,51.8
751155718,90.1
751155723,83.5
751155724,85.5
940810302,78.4
751156002,88.6
930660904,81.5
930140106,28.5
930710108,59.2
920730112,79.5
920730115,50.4
751166306,83.7
920750104,74.4
913120101,41.1
751166310,59.8
786860107,74.2
786860108,57.2
751176512,85.5
751176809,97.5
751186913,79.8
751187006,73.0
930790101,28.4
930550201,76.6
751197411,79.8
915210108,66.9
751197521,96.4
920120301,84.2
751207709,71.7
920120505,64.3
920510201,82.3
940380111,30.0
940380112,35.0
751062302,62.4
751207815,96.7
773050102,51.7
920440117,91.9
772880603,59.1
773730102,56.8
952180102,28.9
940800203,88.8
952520113,24.6
952520114,24.2
953880101,33.7
940800205,54.5
774450301,48.7
952520115,36.5
930010101,77.9
940550102,37.7
952500102,24.8
751104011,96.6
771080503,54.4
930010901,55.8
940810108,37.4
780150102,49.4
940800204,73.8
751103805,96.0
781460112,57.2
952680112,27.2
781260107,59.3
781580109,78.3
955850121,22.5
781460101,35.6
782970105,53.0
913400103,28.0
751051804,93.0
786460403,72.8
771520201,49.7
770670101,67.5
751114104,91.7
920490111,66.1
772150103,61.6
930060113,86.7
784900105,33.3
911610107,58.2
784980108,47.5
940580111,66.0
751051905,93.6
772430102,65.3
940220111,64.3
772580201,55.0
751145504,87.9
772960106,35.0
773050202,55.9
751124502,86.8
930140105,25.0
751062101,94.9
786460103,75.1
751010201,89.0
773370206,72.3
751062102,94.7
773490102,64.9
773500402,36.0
751155812,94.7
911610102,54.6
773790201,64.0
912230107,55.0
774070102,63.0
913260201,75.8
952520110,10.3
920620402,54.4
751114408,98.1
940540102,33.5
774450401,72.7
930070114,40.1
772430202,36.8
774680101,32.8
910270108,71.9
751124503,85.1
751124504,81.3
751124508,56.9
751093609,96.6
751093608,95.1
780050106,46.0
751124803,96.2
751124805,97.0
751124806,94.9
781230105,19.1
751135011,81.2
751135013,78.5
781260109,40.0
781260110,28.9
751135020,86.4
920200102,68.0
783610113,20.2
751135027,89.5
751135113,86.2
954270101,77.8
751135122,86.4
751135124,88.3
930010601,83.2
751135206,93.2
751145306,93.0
782670102,49.9
751145514,89.8
751145610,77.3
783110403,35.4
751155701,88.6
915700103,30.5
751135107,50.5
783500102,49.3
930720109,20.4
783580102,53.0
783610105,7.8
783610107,12.6
920750109,77.1
751155728,46.6
785450107,49.0
751155906,76.7
751155914,83.7
920040302,72.6
751156017,53.0
930310203,66.8
751166115,87.5
751166116,41.6
930480104,89.0
951760104,34.0
773370203,64.2
751166216,78.4
954280203,39.0
751166311,80.4
930011102,76.5
786420102,59.3
786460207,53.0
786860103,43.0
954280204,40.7
911030107,49.6
911050102,54.1
920480212,33.0
751176714,91.8
751176716,88.7
930450110,68.5
912280113,32.0
912280114,50.7
912280115,64.2
912280116,63.7
912860108,17.5
751187209,89.7
751197301,90.5
751197302,84.9
751197304,97.1
751197311,95.3
751197317,47.8
751197410,92.8
751134904,51.3
940680103,63.0
751197511,89.4
751197512,79.3
751197522,88.1
914770105,59.8
920500102,51.0
751197615,93.4
920250104,81.1
920120601,81.3
915730103,27.6
751207802,95.6
916000101,56.0
751207905,91.4
751155716,86.1
952520108,56.2
751155717,90.5
751208011,76.1
950180204,62.2
751208020,91.5
916870108,38.3
916870111,25.5
920250303,64.1
956800103,12.3
920500801,37.0
920620101,81.3
920620103,79.2
920330104,14.9
930080114,58.7
930320108,38.8
930320109,47.8
930320110,50.0
930320111,17.0
930320107,42.9
930700102,75.6
940280404,24.7
930770106,65.0
930630104,77.2
930770107,69.0
940160107,69.1
940171201,20.6
940460302,69.0
751166307,51.4
940710110,33.4
940790109,73.8
940800104,83.1
950180301,32.1
950180604,46.0
950180605,11.9
950510101,52.5
950630101,44.7
751176510,89.6
751176513,83.5
950910101,34.1
916000103,44.5
930700112,87.7
920120302,77.2
930710105,9.0
952030110,63.0
930050701,14.5
952180105,32.1
751093310,97.8
940170203,65.5
956070108,24.6
952190103,86.4
950630102,50.4
930050801,52.0
952190701,61.9
751166218,77.8
952680101,43.7
952680115,44.3
780150103,17.8
911740701,29.0
781260104,38.3
955550104,67.2
956800104,44.3
910210102,57.7
912860109,46.5
751135012,85.2
950180402,31.2
751155907,57.2
930480202,86.5
920400102,83.9
751176601,88.1
940780207,32.8
920630602,58.6
920630603,37.0
920630701,52.0
920630703,62.5
920260201,78.4
920260202,74.9
920260203,74.5
920260204,84.4
751051802,91.9
920260301,77.7
920260302,78.0
751041301,95.4
751010101,95.0
920260303,51.9
920260304,67.2
920260305,58.9
920260402,76.0
920260403,78.4
920260404,48.2
920260405,78.1
920260406,70.6
751114310,97.3
920260502,73.1
930290603,70.5
751041303,94.4
920260504,46.1
920260505,88.1
920260506,77.8
920260601,65.5
920260602,70.6
920260603,74.9
920260701,79.8
920260702,76.2
920260703,79.0
920260704,73.1
920260705,75.1
930450108,86.9
930450109,83.8
930460101,44.1
930460102,24.7
930460103,32.9
930460104,28.9
930460105,21.4
751051702,92.3
751051704,98.4
751051705,94.1
751051907,94.3
751051908,95.2
751052001,93.8
751052003,88.2
751083001,83.3
940780202,40.9
940780203,35.5
751083002,77.1
940810109,53.7
786430101,43.7
783580105,63.7
920630302,70.7
770830302,38.1
751030905,96.3
751031001,83.0
952190801,61.2
751031002,97.1
920260101,78.8
952290101,37.6
751031003,95.7
940730112,52.8
751031004,94.1
751031101,96.0
751031102,96.2
952290102,38.5
751031103,92.7
751031104,97.4
940460402,71.4
784900102,39.7
920510301,84.5
751093301,91.4
751093302,65.8
920510302,84.6
920510303,79.8
920510304,70.7
920510305,82.1
920510307,81.6
920510308,83.3
920510401,74.4
920510402,42.6
751093304,91.9
920510404,80.6
920510405,43.2
920510407,83.9
920510408,62.9
920510409,54.3
920510410,85.1
920510411,60.6
920620303,78.1
920620304,76.5
920620305,85.7
920620306,80.0
751114103,89.0
920620401,84.7
940180110,85.5
920630102,48.8
920630103,54.2
920630106,61.4
930510502,68.6
751114109,80.4
751114306,96.0
930610105,56.5
930610106,82.8
930610107,94.5
940580112,66.1
940580113,55.1
920440124,76.6
940590101,35.6
940590103,24.8
940590104,35.1
751114312,91.3
751124705,90.6
940790101,62.8
940790102,44.2
940790103,61.3
940790104,57.8
751124807,97.4
751135116,88.2
950180401,56.6
950180403,27.7
950180404,58.5
950180405,38.0
950180501,10.5
950180503,29.0
950180504,57.5
940790105,67.6
940680101,66.8
751155902,82.4
751155910,84.0
751156007,77.3
751166111,81.2
751186918,67.4
940680102,63.5
940680105,61.2
940680106,65.6
940680107,48.5
940680108,44.3
940680202,61.4
751197508,88.2
751197605,86.9
751207712,93.9
751208022,97.1
940680203,72.6
940680301,61.6
940680302,70.6
920630704,62.8
920630705,60.5
920630706,64.3
920630707,74.7
920630801,66.5
930720104,22.9
920630803,72.0
920630804,68.6
930290604,77.7
770580105,16.8
930290701,72.8
930290702,73.8
930290703,74.1
930290704,55.6
930290801,70.5
930290803,47.1
940540104,18.8
930550601,76.4
930550602,85.5
930550603,85.6
930550701,83.7
930550801,71.2
930550802,86.9
751020601,97.8
920260103,69.5
771860102,45.9
915490106,44.5
915490107,28.7
915490108,44.1
915490110,27.6
940410108,80.4
940410109,77.6
940410201,76.2
940410202,74.1
940410203,84.1
940410204,79.3
940410205,80.5
920500301,65.1
772880201,18.7
751030904,89.0
751052004,96.7
940420108,44.4
940430101,80.7
940430102,52.1
940430103,73.4
940430104,72.0
940430105,47.2
940430106,48.5
940160102,57.9
940440106,60.5
940440107,16.7
930710111,10.5
930710112,20.1
751208012,97.1
930710113,30.1
930710114,31.9
920630201,33.5
920630202,65.9
920630301,34.9
920220105,56.7
751135031,86.7
920630501,63.0
920630502,40.4
920630503,22.2
920630805,36.6
920640101,63.2
920640102,75.1
920640105,57.3
920640106,70.2
751145503,88.2
751145506,82.6
772490102,9.4
780150104,38.5
751103704,93.6
751062304,87.4
751103705,93.2
920750108,72.6
751062306,90.9
920760101,16.4
920760103,42.4
953230104,30.6
920760104,54.3
785450105,56.2
785450106,57.0
785510109,51.2
940740102,47.4
940740103,28.0
940740104,36.1
751072504,77.2
751072505,71.3
955850112,27.0
940740108,67.3
940750101,44.5
952880103,44.6
930720106,34.0
930790104,57.1
940760116,44.2
940030101,74.5
940030102,81.1
940030103,72.9
940030104,71.0
940030105,67.0
940030106,73.5
940760121,70.8
940770101,61.4
940770102,54.3
940770103,53.1
940770104,36.5
940770105,31.4
751072701,55.0
913770109,71.0
913770113,74.9
751124611,80.7
751124612,94.8
751124614,90.9
751124615,85.3
751072801,78.8
940680201,73.0
751031201,93.9
751031202,94.0
952290103,28.0
915700107,29.9
940760105,64.6
940760106,39.4
940580104,54.3
940760108,72.1
940760110,59.9
940760111,48.4
940760113,67.4
940760114,56.5
940760115,53.1
940180108,78.7
940180109,81.0
770790101,49.1
751072809,71.7
955820108,59.4
751072810,82.6
915890114,39.0
751072811,50.9
915890115,32.0
915890116,43.5
920250306,44.9
773370201,71.3
920020204,30.4
914790101,45.7
920040103,81.3
920040104,69.7
920040201,62.2
920040203,56.7
920040301,81.3
920040303,69.1
920040304,79.5
920040401,75.3
751197603,91.6
751197604,90.4
920040501,72.9
920040502,77.0
920040503,50.7
920040602,40.7
920040603,70.9
920040604,80.0
920040701,60.7
920040702,60.6
920040707,73.6
920070101,78.9
751197609,94.1
751197610,48.0
751197611,93.6
751197613,84.4
920070102,50.4
930720116,30.3
751041401,95.4
751041402,94.8
771310102,20.7
940550101,52.0
930720117,67.8
771310202,44.3
930660401,20.7
930730202,41.3
920510403,55.7
930730301,48.5
930730302,29.5
751010202,94.1
920070105,40.9
920070107,72.1
751083202,94.3
920070108,66.0
920070109,62.2
751083204,91.8
920070110,45.2
920070111,63.1
920070113,54.9
751041501,95.2
751083207,94.9
751041502,93.5
751114309,90.5
771390102,57.8
930710106,9.3
920070114,46.9
955980107,57.2
956070106,44.8
751093307,93.8
956070107,62.7
751145602,45.1
751093308,95.2
751093309,94.3
920750103,81.3
773330101,63.6
920120706,72.6
920140101,34.3
920140102,43.0
930660704,76.9
771220201,49.8
913450102,54.4
940810112,71.8
920500408,73.0
930100101,42.3
930100102,27.5
930100103,29.5
930100104,13.8
930100105,56.1
930100106,41.7
751041503,96.5
920400501,79.1
920400504,84.0
920400505,78.0
920400601,81.5
751145310,92.1
920630105,58.8
920400701,85.2
920440103,86.0
920440104,86.2
920440106,84.4
920440107,83.1
770790103,36.3
771520301,44.4
771520303,10.5
920440108,61.2
920440109,91.7
920440115,87.6
920440121,82.5
751041601,92.6
920440123,82.7
920460102,70.3
920460103,82.1
920460104,42.4
920460105,78.4
920460106,65.8
920460107,73.9
751103702,92.9
920460110,73.4
940190101,40.6
920460111,70.2
930100204,50.7
920320103,40.7
930100304,21.2
930100305,29.1
920490110,79.1
930100401,20.7
930100402,20.8
930100403,15.4
930100404,45.0
930100405,27.3
940220110,57.6
940220204,58.7
952100401,76.5
940680502,53.7
953230107,39.7
751103802,92.9
940680503,51.7
940680505,50.9
940680603,58.0
940680701,53.1
940680702,48.1
940680703,46.0
940680704,46.7
940680801,73.9
930640111,38.9
751051801,84.5
751103907,93.8
914210102,66.0
914210103,40.3
914210104,61.5
914210107,79.9
930290401,54.7
930290501,60.1
930290503,75.0
930290601,75.8
780050107,34.1
770140101,14.2
770140102,42.5
751010301,92.9
770140103,45.3
781460104,41.6
751104001,96.2
781580108,41.5
780150101,44.1
914210108,38.9
783580106,48.8
783580107,29.2
783580108,28.7
783620106,36.4
783620107,43.6
916870112,21.8
751051805,87.2
751051806,87.3
751104009,93.5
781720112,60.6
920490112,76.9
930460116,51.7
916910102,52.3
751104010,94.1
771080102,51.0
916910103,55.1
912280201,16.8
916870109,24.4
916910105,50.0
751051808,90.6
920250304,46.6
912280202,30.5
912280203,17.8
920250305,58.8
920250401,64.8
920250402,54.9
930100303,40.1
751114105,95.9
772880401,38.7
912280117,60.6
751114106,96.6
912280118,48.2
920250403,51.5
912010110,37.5
912010111,78.1
912150101,13.2
912150102,9.5
751051902,92.5
751051903,77.5
783110102,74.1
783960102,30.3
783960103,73.7
920320101,65.2
920320102,56.7
920320104,49.9
920320107,48.4
920500805,28.8
920320109,60.3
920500103,67.3
920500203,56.2
920500204,55.2
920500206,68.2
920500403,59.4
784230108,35.6
784230109,42.0
784230111,42.4
784230112,26.1
784230113,19.7
784230114,39.9
920500406,59.1
783620102,55.6
930130102,41.2
930130103,42.3
930130104,63.5
940550103,25.1
955820109,75.6
920440125,86.9
930130105,42.8
930130106,70.6
930130107,57.1
784810108,55.7
751114202,97.8
772430302,54.4
751114203,94.8
751114205,96.2
784860101,66.6
953060108,53.3
772430201,58.3
772430301,35.8
930290602,67.9
751114208,86.0
930140103,45.3
955820110,83.2
780050109,45.8
930140108,64.2
930140110,43.0
930140111,17.8
930140112,36.0
953060109,48.0
930140113,26.0
930290901,71.7
930270111,30.0
930270113,51.7
751145622,92.3
930270114,52.8
930310201,61.6
920040202,77.7
930310202,67.8
930310301,63.7
930310302,51.7
784810101,57.9
930310303,55.6
930310304,50.4
930310401,21.3
930310402,53.3
930310403,52.5
951270101,40.4
930310404,24.9
930310405,30.8
930310501,51.3
930320101,24.7
930320102,26.4
930320103,43.9
751166118,77.9
930320104,29.6
920730105,69.7
951270102,28.9
751208009,80.3
951270103,34.9
951270104,36.5
751208015,93.6
751208016,93.6
951270105,36.2
772430303,33.9
954240201,31.5
930320116,16.5
772430103,61.8
953230102,35.7
930320117,60.8
751062301,86.7
920490115,83.3
940780208,42.4
751062303,94.6
751062305,92.1
772940103,67.9
930330101,53.3
953230103,16.5
930330102,33.8
930390101,80.4
930390103,78.2
930450101,80.3
930450102,49.7
930450103,85.7
930450107,75.9
751114320,96.5
751114321,97.0
751135029,90.3
751114401,97.5
751114402,97.2
930660705,44.1
751062311,84.7
785750103,55.6
770830101,68.0
930550301,89.0
953510101,55.5
930550401,72.8
930550402,80.3
930550501,43.1
930550502,81.2
751114407,95.2
952180104,29.4
940430107,78.9
955550107,37.1
751114409,97.1
786210104,11.1
786210108,23.1
772840504,15.8
772840602,8.1
772840603,31.2
772840701,43.7
772840702,37.7
772840901,69.6
772840902,60.9
751072506,83.3
955850113,33.9
772850101,34.2
940810110,73.8
773050104,62.4
772880101,66.1
772880103,36.9
955850114,34.1
920510103,42.9
770530102,67.7
772850102,57.0
772850203,51.5
772850204,71.0
772840401,15.7
786400103,30.5
930060116,35.5
751124510,81.0
751124511,71.4
751124512,87.7
751124513,88.6
773500501,39.6
780920104,55.9
784980104,63.5
955630102,26.6
783610115,34.1
783620101,57.9
751020803,89.2
772850202,68.1
940810113,72.0
751103904,91.6
751103905,83.3
751103906,92.8
785510106,56.1
912350102,8.2
773330102,8.3
751030903,93.3
785170109,47.8
952520104,42.1
912000103,51.5
773070103,36.8
952800108,36.5
783610112,35.3
783610114,32.4
940760101,80.2
751135030,72.8
783620103,66.0
783620104,29.4
784980113,44.9
784980114,42.7
784980115,53.2
751072602,41.1
751072603,81.8
751072604,68.6
784980116,34.1
751093605,83.2
930790105,52.9
751176704,61.8
784980117,29.6
785860501,59.1
785170103,28.0
940440101,37.3
940440102,51.5
751072704,80.3
955980103,67.1
940440103,19.5
940440104,55.2
940440105,50.1
940460301,47.5
940480102,56.0
751072705,74.8
955980104,68.4
940480103,32.4
940520102,64.0
785860102,51.9
785860202,45.7
751124610,63.0
785860203,39.4
785860301,62.4
785860302,41.5
785860401,49.9
920510104,57.3
785860502,45.0
930460106,37.0
930460107,31.0
930460108,24.0
930460109,34.9
930460110,54.8
930460111,58.3
751072706,43.8
771080702,81.5
930460112,31.1
930460113,47.2
930460115,22.1
930460117,38.9
930460118,48.9
930470103,11.4
751166125,56.1
751166126,74.7
751166127,84.2
751166128,80.0
751166129,81.1
751166130,74.9
785860601,33.9
785860701,18.0
785860702,48.2
785860703,38.8
751072802,70.2
751072803,78.7
751072804,73.5
773070101,61.2
785861101,36.6
785861201,38.1
913450103,52.8
953940101,60.9
954280202,30.7
953510102,32.2
773160103,69.0
783540102,28.0
783610104,15.6
955630104,56.2
774640101,48.7
751197523,87.8
914340104,29.2
920240501,79.0
955630105,37.3
920630101,40.5
930480401,87.6
751208024,94.4
930480403,38.4
930480404,85.5
751072806,44.5
930480502,52.0
930480601,83.4
930050302,39.4
920510202,88.9
930480602,82.9
751072807,50.8
751072808,72.4
914210109,33.2
920240503,45.1
914320101,79.6
914320104,58.9
773260101,27.3
914340108,44.0
952680109,26.1
751124618,93.3
773270102,30.9
930480603,74.7
930480604,71.9
930480701,73.1
930480704,76.5
930480801,44.1
770580103,32.8
773270103,45.0
930480802,77.6
930480803,64.1
930480901,77.4
920500501,45.1
772840301,8.8
920500502,63.1
920500503,74.2
920500504,72.0
920500505,70.1
920500508,54.0
920500509,59.8
912010106,39.9
920500510,57.4
930481001,57.0
786460303,69.4
786460304,71.4
786460305,51.0
771860107,78.3
786460306,72.2
786460308,55.0
786460402,80.9
773070104,67.0
786460404,80.1
786460405,65.4
786460406,70.6
786460501,78.0
786460504,74.0
786460505,29.8
786460506,69.2
786460601,78.4
773370202,38.7
786460605,70.3
786460606,65.2
786500102,64.2
940520104,77.9
940520105,64.1
940520106,70.8
940520107,69.1
940520108,70.1
940520110,68.2
940730110,63.0
916570104,36.2
780050103,45.1
930481002,52.0
930481003,65.4
930481101,59.4
930481102,32.5
930481103,54.1
930481104,39.4
751166209,82.7
920490101,86.8
930490101,33.7
751124701,77.6
930490102,54.7
930490103,34.2
930490106,33.5
930490107,39.7
920440126,90.1
751166210,76.7
751166211,88.8
751166212,79.8
930490108,58.2
930500102,51.5
940540105,76.6
940540106,26.2
940540108,41.5
940540109,59.9
920500802,63.5
920500803,60.9
920500804,38.2
751134901,96.0
930510503,61.2
930530101,60.8
930530103,24.2
930530106,44.4
930530107,73.1
930530108,46.9
930530109,26.6
930530110,54.4
930530111,26.7
751135007,84.3
751135008,58.0
930530112,70.0
930530113,50.4
930100203,25.4
930530114,49.4
930550101,43.5
940550105,33.7
955850115,67.2
940580101,62.9
751135018,88.4
751124616,53.6
940580102,38.2
751135024,89.2
940580105,62.2
940580106,62.9
940580107,61.0
940580109,54.9
940580110,67.8
751104003,96.3
930590106,31.0
930590107,31.5
751135101,80.8
955850118,13.2
930590108,20.8
930610102,63.6
940590107,31.8
940600102,39.1
751135109,86.3
915210107,34.2
751114301,96.0
940670101,85.9
940670104,81.9
940670105,84.1
751197503,92.6
940670107,86.2
940670108,48.9
940670109,52.8
940680303,64.4
940680304,69.3
930620102,52.3
930290302,73.4
751135123,83.6
930620103,47.0
930620104,58.0
930620105,15.6
930620106,55.0
930640110,49.7
930630103,81.7
930630107,74.6
930630108,74.0
930630109,54.7
930630110,75.4
930630111,78.4
771220202,46.8
930640103,48.0
930640104,47.8
751145402,88.5
930640105,63.3
930640106,66.5
930640107,41.2
930640108,28.7
930700116,88.2
781380102,22.3
781380103,23.9
781380105,52.5
770370101,67.9
781460113,54.8
781720115,34.6
751145604,96.6
952030101,50.9
781580101,35.3
781580102,39.8
781580103,54.1
781720114,39.2
940800101,76.0
770370102,69.5
773900202,23.3
911220103,71.7
911910104,43.4
751145624,97.8
781720111,42.3
751155702,89.9
920120206,84.6
956370103,16.4
781720113,52.4
751155706,59.7
782420104,29.5
940680802,73.8
940680803,62.8
940690101,69.1
940690103,53.1
751155714,81.5
751155715,90.2
920630802,65.9
783720104,22.3
930640116,52.7
930640117,50.9
930660101,50.6
930660102,72.4
930660201,73.7
774070104,42.9
940040105,62.5
940810201,42.0
940810202,46.2
940810203,63.2
940810204,64.6
940810205,45.9
940810207,64.8
940810209,41.0
940810210,62.6
940810212,66.8
940810303,49.3
751083201,94.4
916450106,29.0
916450107,41.3
751155908,80.2
751155909,73.4
781580104,78.2
751083203,93.7
916920106,24.3
955980105,70.8
781580105,63.9
781580106,57.9
781580110,82.1
781580111,64.4
781580112,64.0
751083205,97.8
751083206,98.3
930660801,69.3
930660802,69.8
930660901,74.8
751156005,81.2
930660902,77.3
920120304,78.7
751156009,73.7
930660908,75.3
930661001,71.7
751156010,80.0
930661002,80.7
783220104,42.7
930661004,66.5
930700107,49.0
930700108,76.3
930700109,85.1
781900101,41.4
940810102,64.7
940810105,46.8
781900104,39.7
751166104,77.8
930290502,56.4
751166105,74.9
751166106,85.9
930700117,86.6
930710101,9.7
930710102,9.5
930710103,59.1
930710104,20.0
930710109,35.3
930710110,64.8
920630401,25.1
915890102,23.9
751166113,79.6
751166119,75.3
920350111,75.2
920630504,18.9
780150105,65.2
780150106,32.2
920640108,63.6
920640109,69.0
920640110,65.6
920640111,59.7
920640112,79.3
920710102,52.0
751145516,89.6
751145603,83.0
940690104,54.5
930480402,41.1
751166207,40.5
951270122,60.1
920120702,83.8
940710102,27.9
940710103,28.6
940710104,40.1
920710103,24.9
920710104,55.3
920710105,46.7
920710106,50.7
920710107,51.2
920720101,53.9
930720105,18.2
920730109,60.5
920730111,78.6
920730113,72.6
920730114,75.3
920730116,83.2
751166220,84.8
920750101,55.3
920750102,62.4
930770111,52.3
751166308,79.4
751166309,83.0
920510406,74.9
954280304,24.0
751166403,81.0
786400105,36.6
786400106,22.1
751166405,84.5
751166407,79.9
786420105,36.3
786440101,28.6
751166409,69.1
751176501,80.6
751176502,79.8
751176503,76.1
751176504,76.0
751176505,83.5
751176506,37.3
751176507,81.4
751176508,86.6
930640109,59.6
751176511,87.0
751176514,78.0
751176515,79.5
930660905,59.8
910210101,46.5
951970105,45.1
751155730,92.1
751155731,96.0
920750105,40.7
920750106,57.9
952290104,61.4
920750107,72.4
751176611,94.7
951760102,77.3
930060106,86.7
785510103,48.0
751197614,95.2
785510104,57.8
785510105,68.3
785510107,64.8
785510108,36.5
930780110,22.1
751176701,94.4
785510110,32.7
785510113,48.5
785510114,59.8
785510115,72.6
751176705,87.1
751176706,97.2
785510118,36.7
785510119,44.4
785510201,56.3
751176802,95.8
751176806,94.0
913450101,63.2
940170201,64.6
913450104,65.2
930290802,62.0
913450105,35.4
770790102,43.1
913450106,52.2
930720107,49.7
930720110,45.7
930720111,17.0
751176816,92.6
940180103,79.2
940180104,76.4
751176817,86.8
773900201,11.7
930720112,53.9
930720113,45.3
930720114,22.1
930720115,21.6
751166122,79.6
751166123,76.4
751166124,75.2
930470102,9.7
781580201,63.2
751186904,94.0
751186906,87.6
751186907,96.2
751186908,90.3
751186909,54.4
912010102,31.6
751186910,91.1
930470101,16.1
912150104,63.8
751186911,61.8
751186914,95.3
751186915,88.6
751186916,94.5
781600101,39.1
952770403,31.3
930730303,28.9
930730304,21.3
930730401,35.7
751093501,94.2
930730402,45.3
930730403,51.9
930730501,22.5
930730502,28.6
751187001,95.8
930780104,65.0
751093502,97.2
956070110,48.0
751166219,65.8
920500401,63.1
930770110,54.5
930770112,62.7
751187010,76.4
930780102,60.1
920500703,63.6
930780105,17.1
930780106,38.6
930780107,45.8
930780109,9.9
930780111,47.4
751187024,91.4
930780112,8.3
930510403,25.4
930780113,29.0
930780114,43.5
930780115,10.8
930780116,67.4
930510204,57.2
930790102,72.3
930790103,72.0
940030108,58.2
940030109,69.2
751187205,92.9
751187206,94.0
940040101,20.2
770530101,70.9
940040102,10.8
940040103,21.6
940040104,31.8
940760117,51.0
940760118,52.2
940760119,50.3
751197306,94.8
751197307,87.6
751197308,89.0
913770114,78.7
751197309,90.9
956070111,36.8
930720103,13.7
751093601,93.8
751197314,93.1
751197315,89.0
940580108,33.2
913860101,58.5
912720106,52.8
912720107,33.5
912720108,29.8
956070112,33.6
930660502,72.9
940590106,41.8
751197403,87.8
913450107,64.6
951970108,64.7
913860103,73.0
751093603,43.2
913860105,40.0
915490103,38.0
940670102,80.2
915210105,58.5
915210106,55.5
915210109,15.6
915210110,68.2
915210111,27.6
915520101,57.0
915890105,37.5
915890106,46.8
751197516,88.5
915890107,38.8
915890109,38.5
915890110,59.1
915890111,39.2
940171302,50.1
940810304,76.9
940810306,80.0
940810308,59.2
940810309,70.1
940810310,73.8
940020104,73.1
940810311,73.0
940810312,79.8
940171303,51.0
940171304,44.5
940171401,68.6
940180102,80.1
940180106,71.2
940180107,68.5
920020301,64.8
940810104,21.5
770530201,65.3
920020302,47.2
920020303,54.7
920020304,53.6
920020305,57.3
920020307,36.0
920020403,65.6
940190102,47.8
940190103,49.6
940810307,41.2
940190105,51.4
940190106,28.3
940190107,62.4
940190108,54.6
920020404,43.5
920020405,52.4
920020407,45.4
920070116,70.8
920090101,72.0
920090102,65.3
751208025,89.4
751103703,93.8
920090103,73.4
920070106,78.8
920090104,72.5
920090109,73.0
920090110,75.5
920090111,79.1
920090112,68.4
920120101,74.8
920120102,73.1
920120105,82.7
920120201,74.1
920120303,83.4
780050105,72.5
920120305,84.1
920120401,57.7
920120402,62.9
920120403,81.6
920120404,86.5
920120405,59.3
920120406,87.6
751207803,85.8
920120501,80.5
920120502,85.8
920120504,85.5
920120506,76.5
920120603,76.7
920120604,83.1
940210102,73.3
940210105,31.6
920250212,72.7
940410107,80.0
940210106,56.5
940210108,49.5
940210109,33.6
920190108,50.2
920190109,40.6
930590104,50.7
920190113,45.9
920190114,30.0
780290104,5.5
920200101,78.7
920200105,66.2
920200106,43.4
920200107,56.3
920200108,64.3
920200109,68.5
920200111,57.1
920200112,61.0
751103706,96.9
751208017,64.3
920220101,49.3
920220102,61.0
920220103,53.2
940220106,49.6
940220109,75.8
940220112,40.9
940220205,63.8
940220113,55.5
940220114,36.3
940220201,43.7
940220202,75.6
751031203,92.7
771080304,37.1
771080501,77.9
920020103,58.6
770580101,38.3
940280101,46.9
920220104,60.8
920220107,64.9
920260501,77.7
920230502,49.7
751041403,95.8
920400204,76.5
771220301,24.9
771220402,58.1
920500704,35.0
920600110,67.0
920620301,81.5
751041504,94.6
920120203,65.0
940280103,59.4
920120204,80.6
920490109,85.3
771520302,22.7
920780106,61.5
771520101,68.5
771520202,39.5
920320111,48.7
920330105,50.7
920330106,43.3
940280211,36.8
920230103,62.8
920230104,61.5
920230105,45.8
920230201,46.2
920230202,43.8
952770402,35.9
920350108,75.7
920350109,68.4
940330110,74.3
940330111,39.6
940330112,44.8
940330113,66.2
940330116,71.1
940330117,76.2
940330118,76.9
940380102,25.2
920330103,35.0
940380103,29.0
940150103,54.0
940380104,63.8
940380105,57.2
930510105,49.3
940380106,46.7
940380108,53.7
930310101,13.9
955390104,21.6
940380109,39.9
940380110,34.8
786880103,33.9
786880104,35.1
786880105,39.8
772880202,27.8
940280402,18.6
910270111,71.4
770580104,80.8
910270113,51.2
781720105,58.0
930510405,45.1
930660703,38.8
930661103,85.1
751124609,85.6
940110102,39.5
940110103,41.6
920480101,51.4
920480102,54.3
920480103,63.5
940020102,65.4
920480104,39.1
940110106,17.0
940110107,47.3
940110108,35.3
940020202,55.2
940150101,39.9
940150102,41.2
751197402,92.4
940280205,19.6
940280209,62.5
940150104,47.5
920490116,83.9
940370106,76.3
940150105,38.0
955740104,45.0
920230102,58.2
751103908,94.7
781240104,68.8
954870103,5.3
950181003,52.9
950190101,29.5
772840203,42.0
950520104,40.6
950190104,32.0
950190105,44.0
950190106,51.4
950520101,51.3
950520102,43.0
751207809,89.1
751207810,85.6
751207814,97.9
940730101,61.4
772940203,46.4
940730106,33.4
940800201,78.4
940460303,60.6
773050101,62.2
773050103,39.8
950180603,21.1
950180607,11.0
772840801,53.7
950510102,40.3
920120208,81.3
951270115,38.1
773300102,68.8
951270132,31.8
770670102,34.7
781380104,33.3
751041404,95.8
951270123,28.8
773500101,38.8
951270125,25.0
751062309,84.9
751062310,88.2
771520203,31.7
955720105,27.4
940460401,56.4
920770105,48.3
771220102,69.0
952050101,35.9
952100101,70.7
952180101,69.9
786460301,76.3
751104002,91.7
952190401,48.8
771220101,61.5
751207908,90.8
751207909,91.8
751104008,87.9
781720104,49.7
751103709,78.7
940680109,42.8
952190601,63.8
952680110,10.7
774870101,39.6
952180103,30.4
952190702,56.7
952030102,64.7
771080101,56.4
771080201,77.8
952680103,7.6
952680105,5.2
951970103,43.8
950180202,50.9
952770103,36.4
771080401,75.9
953130102,33.3
771080502,73.2
953130104,36.1
771180103,60.0
920350103,65.7
771180104,65.3
771080601,77.4
940810103,60.4
771080703,75.5
774790102,42.8
930010201,74.2
954880103,58.7
751114101,94.3
914320103,50.1
920500407,66.7
930010202,76.6
782420102,50.8
771180101,75.4
780730108,40.6
771180102,60.8
955850116,56.5
771220302,5.8
771220401,27.4
920360104,33.2
751135207,94.7
920360201,77.4
771220403,45.1
771220404,27.6
955390106,9.6
930290402,57.4
911220102,29.5
940810208,35.9
955390102,28.9
781460102,60.9
781460107,46.0
955550101,43.6
751104004,80.0
781650104,39.9
930700110,87.0
940540107,50.5
771310101,51.3
771310201,66.5
782970108,43.7
915490105,34.0
771310301,68.8
930010301,51.0
955390105,35.2
955630107,36.0
930500103,39.9
771530101,70.5
751114114,80.0
771530103,36.3
751114115,89.8
783610119,47.3
783620105,46.8
920120205,76.9
783830106,46.3
953940106,49.1
783830103,24.2
783830105,24.9
783960101,34.7
920400404,76.2
954240303,38.0
915490104,39.1
771830101,59.5
784010103,31.2
771830102,59.6
772880501,7.2
785170108,50.1
784230106,55.7
784230110,42.3
773500302,13.0
773730301,40.7
784400108,34.7
784400111,16.3
783610118,51.2
751051901,88.7
940420107,72.4
751114201,92.7
783720101,55.6
930010302,76.6
920510101,39.1
920500302,58.0
920360103,26.8
785450103,61.3
954240102,67.5
784980102,22.5
952190102,71.2
751114318,89.3
751114207,95.1
955390107,63.7
785450101,78.0
784180106,38.2
772490101,67.7
772490103,63.6
771860101,76.2
784400110,7.4
772510106,71.5
954240301,17.8
772580103,68.8
785510102,33.9
953130101,35.9
955850117,73.8
751114403,96.7
785861001,36.9
785861102,38.1
930050208,15.9
772840402,8.0
772840502,8.2
785860101,60.8
772880503,61.9
772880602,36.7
772580202,62.1
772940101,38.8
786430102,25.0
773050105,39.3
751124501,85.8
751145505,94.0
930010303,74.4
772960107,65.7
930100107,19.5
772840103,50.0
773050203,51.0
786460602,42.5
773070102,33.7
751114410,97.6
751114413,96.7
786400104,28.9
784900104,22.7
773160101,72.6
773160102,69.1
751114305,96.3
783110101,31.3
785170102,29.2
773270101,76.2
784230102,30.0
773300101,66.0
773330104,68.4
773330201,73.4
930010304,74.4
773370101,69.0
773370204,34.7
773370205,72.0
954240302,34.5
785860201,58.0
773500301,47.7
773490101,37.3
930010401,70.8
773500401,47.7
751030901,90.1
911740702,17.3
751114404,95.8
751114405,95.1
940330120,71.6
952770303,55.9
956070113,58.7
911740102,20.9
952500103,28.9
773730101,64.1
911740601,55.5
773730201,63.1
940330121,76.9
773730502,45.2
773730503,63.9
930060115,82.0
773790101,40.0
773790102,43.5
930290101,63.1
773900401,57.8
773900101,44.3
773900102,63.5
773900301,47.5
955630103,48.3
773730401,61.1
911740302,20.6
774070103,46.2
774070105,46.8
912720105,36.7
751072501,53.9
751072502,81.6
785510117,45.9
774070106,27.4
940760109,66.7
912860106,40.6
912010104,79.5
912010105,54.0
940430108,51.7
774310101,69.1
774310102,69.5
956800109,33.2
913860102,32.9
913860104,45.3
774450101,26.3
774450102,43.7
774450201,32.5
774450202,17.6
774450203,47.0
774640102,41.7
911740203,79.7
751030902,91.1
773790103,46.2
913120103,32.8
774580101,64.8
773900203,22.4
774580102,41.0
952680108,52.9
911740502,45.0
770580102,37.7
774640103,76.8
774680102,48.5
775140101,44.5
915210102,35.8
952680107,20.6
774680205,46.2
774700101,51.7
920480106,48.3
774700103,46.3
911910103,57.6
774790105,41.9
951970109,42.9
774870102,61.2
774870104,61.1
774950102,69.3
774950103,60.7
920250204,66.6
751093610,94.4
955630106,49.1
952520107,44.4
771080302,50.0
775140301,69.4
916570103,48.1
751166110,79.4
912860104,14.6
775140104,42.5
775140201,64.3
916610101,60.8
783110501,34.2
751124619,90.5
950180502,13.8
780290105,40.3
930570106,19.9
751124703,91.3
751124704,85.6
780290101,70.8
780290102,61.0
780290103,39.7
956370102,31.4
915890103,22.4
751124808,95.9
751124809,88.5
920020308,46.6
915890108,34.2
751176807,91.3
780620101,56.7
780620103,36.2
920040601,75.3
920040706,48.7
780920103,29.1
751103803,96.4
782420105,63.6
751134903,90.6
751134906,82.6
751134907,86.6
920070112,69.3
930480105,89.9
751135001,74.3
751135002,85.5
751135003,87.1
780920102,50.1
781170101,74.1
781170102,58.2
781230102,72.8
781240105,30.8
751135014,81.0
781260101,33.5
781260103,44.5
782080106,50.0
781260106,43.2
781260108,24.6
751135015,91.8
751135021,81.2
751135023,86.0
916870102,71.9
930570105,31.3
781330101,65.0
781330102,40.0
781380101,51.9
751135025,83.1
751135026,67.0
952800107,11.0
781460103,44.7
781460105,57.8
751135028,92.6
781460106,30.3
781460108,59.4
781460109,61.4
781460110,36.1
781600102,70.8
751104005,68.0
751104006,84.9
952800106,38.8
751135104,84.6
751135105,85.6
920020102,37.0
781650101,47.7
781650105,64.2
781650106,22.4
920020205,48.3
751135108,89.7
920020401,49.6
920020402,60.5
781720101,50.7
781720102,28.3
914210106,21.6
920040101,72.6
781720106,38.6
781720107,48.3
781720108,23.1
954270103,46.8
751135112,85.8
751135114,86.4
930010503,76.7
782080101,21.6
914210110,50.4
782080102,42.2
782080104,51.6
782080105,32.9
751135117,77.5
751135118,84.0
751135119,82.4
782080107,60.9
914340101,41.9
782170102,55.3
954270104,27.5
954270105,45.1
782170103,46.8
782200101,53.9
782200102,66.6
751135125,90.7
913770101,59.3
751135201,96.7
920330102,65.7
781260102,34.1
751135202,92.6
751135203,90.2
920350104,36.2
782420103,53.9
751135204,91.5
920190112,34.1
782420101,45.4
930010701,80.2
751145301,92.1
751145302,98.3
751145303,57.3
751145304,86.9
782420106,72.5
930480203,85.8
954270106,34.8
930010801,73.7
920240405,85.3
751145307,90.3
920230303,59.7
751145401,82.2
914710101,31.0
782670101,40.9
782670103,63.3
954280201,36.4
751145403,94.9
751145404,91.5
751145405,93.8
751145406,90.5
920250202,33.5
751145501,81.9
920260102,51.6
751145508,89.4
751145509,80.3
930010902,73.6
751145511,92.8
920640107,34.6
782970101,73.9
782970102,68.1
751145513,91.2
751145515,58.5
782970103,41.9
751145605,88.0
751145606,84.5
751145607,85.4
781720103,58.6
930700118,75.5
751145611,86.6
751145612,90.0
751145613,93.7
920500601,39.7
751145614,83.6
751145615,92.9
751145616,96.3
751145617,87.9
751145619,93.3
751145621,94.9
783110202,66.4
751145623,92.3
920510306,81.3
783110302,60.1
783110401,42.6
783110402,59.1
920600104,28.2
920440105,80.0
783500101,58.7
751124702,92.0
920490117,72.0
751186912,84.5
783350101,62.1
751155707,79.4
751155708,50.3
751155709,79.7
783350102,41.5
783350103,44.5
783350104,28.8
751155710,75.4
920630601,45.9
783110301,64.7
751155711,59.1
751155712,79.1
751155713,87.8
783500103,59.5
783720102,33.6
751197310,95.6
783560101,80.8
783560102,27.3
783560103,22.3
783560104,49.5
783580101,44.8
783610101,49.5
783610106,14.2
783610109,4.4
783610110,64.8
783620108,38.0
930570108,27.9
783720103,28.9
783720105,40.5
783720106,25.1
783720107,22.1
920750110,44.1
920750111,51.8
783800101,28.4
751155729,89.5
783800102,58.6
783830101,67.1
930570109,45.0
751155807,95.5
751155808,87.4
751155809,95.1
751155810,96.5
751155811,81.8
920630702,60.2
751134902,88.2
783830102,34.6
783830108,22.2
751155813,85.9
751155814,93.7
751155816,94.6
751155817,95.6
751155901,83.8
751135005,84.4
783970101,34.8
783970103,66.8
920120202,87.3
784010102,41.2
930011101,76.6
784180102,72.9
784230116,42.2
751114214,44.8
751114302,95.5
751114308,91.9
920480209,34.1
784400101,68.5
784400102,48.0
784400103,69.9
784400104,18.3
751155915,80.0
920020306,35.1
930070109,8.6
784400105,10.6
784400106,38.0
784400107,34.3
751155919,85.5
784400109,14.5
784400112,54.5
751156003,85.5
751156004,86.0
920200103,77.8
784900103,35.7
784550101,21.5
751124617,96.8
911740503,53.6
784900101,53.6
920190110,41.5
784810102,33.5
784810103,68.9
951760103,73.5
930140107,31.1
784900108,56.4
920120207,57.3
784900109,54.9
784900110,56.6
784900112,37.7
751166102,59.4
751166103,84.3
784980101,71.7
784980103,54.2
784980106,68.2
784980107,31.6
784980109,52.5
784980110,77.0
785170101,69.0
751166109,84.1
751207812,80.4
785170104,39.4
785170106,59.1
785170110,50.8
751166117,72.5
930140104,6.6
930330103,41.6
751135121,74.6
785370101,61.1
951760101,54.5
770830102,70.4
930010603,73.9
785710102,65.8
785750101,32.8
785750102,58.4
920400101,84.3
770830301,51.6
951760105,64.3
751145305,90.0
751166214,47.8
751145309,92.8
920440111,86.3
751166221,78.2
930500106,25.3
940520111,65.2
951760106,31.3
920510309,84.3
751166301,72.9
913770111,72.6
786210101,34.5
751166302,72.7
751166303,78.2
751166305,51.6
786210105,68.4
786210106,19.7
912280102,60.1
786210107,29.0
786210109,17.7
786210110,26.1
786210111,12.0
930590103,48.5
786210112,76.2
930570107,42.7
786240101,44.9
751166402,53.8
782970106,61.4
786240102,35.3
786240103,47.1
786400109,38.6
786400110,16.3
751166406,55.2
786460302,72.5
786420101,38.2
786430103,58.7
786430104,32.8
786440102,38.8
786440103,54.0
786460101,64.3
786460102,67.2
786460202,77.2
786460204,54.6
786460206,66.3
911740602,35.3
786740101,62.9
786860104,72.8
786860106,68.0
786880101,43.6
930530116,28.6
910270106,67.2
920480210,58.9
751176605,43.5
751176607,76.1
751176608,81.9
910860101,45.8
783580104,31.2
920500205,50.2
920710101,49.4
911030101,38.6
911030102,58.5
930780108,8.5
911030103,35.6
911030104,46.3
911030105,40.8
770830201,81.5
920480211,50.5
911030106,63.6
940020205,53.9
930700114,85.9
911140102,63.6
911140104,35.0
751176710,97.2
751176805,84.0
751176810,83.9
751176812,88.5
920490102,77.9
930290301,75.0
911610101,11.7
911610104,5.9
940170502,62.9
930780103,54.8
911740201,18.1
911740202,63.6
911740301,41.2
751176813,69.5
751176814,95.8
911740402,73.5
911740501,50.5
911740801,70.9
751176815,90.8
930310102,23.9
920240302,77.6
911910102,58.1
910210104,28.7
920240303,83.8
912000101,73.6
751186903,93.1
940220108,62.8
751186905,92.7
912000104,36.8
912010101,77.2
912010103,34.6
912160103,45.0
912160104,29.4
912160105,47.0
912280111,25.9
912280112,65.2
751186919,96.8
751186920,43.5
940280401,43.0
751186924,95.3
751186925,97.3
751186926,94.3
940160111,68.3
940170301,66.1
912230102,68.2
912230103,41.6
751186928,90.5
751187002,93.2
751187003,87.3
751187004,88.7
912230106,46.6
912230108,24.3
912230109,45.6
751187007,92.7
751187009,92.7
912280101,37.2
912280103,32.4
912280104,9.9
912280108,26.7
912280109,20.3
912280110,42.3
751187011,85.3
751187012,88.8
912280204,34.5
912280205,47.5
940210103,62.6
751187013,91.8
751187014,76.3
751187015,76.2
751187016,85.5
751187017,91.5
751187018,57.9
954280303,24.7
912860107,49.5
751187021,95.2
751187022,95.0
751187023,69.3
920490106,88.1
751187025,94.9
751187026,86.6
912350101,42.9
912350103,77.2
751156018,77.1
751156019,88.4
751156020,89.7
751187027,81.1
751187102,95.4
751187103,79.0
751187104,95.8
751166101,53.1
951970102,29.3
751187108,90.6
751187109,92.7
751187110,84.6
751187201,83.3
751187202,91.1
751187203,86.9
912720102,55.2
751187207,87.3
912720103,55.9
912720104,27.2
751197305,96.9
940330115,69.5
940460102,41.5
920240104,84.2
920490108,87.7
920490113,81.2
930610101,78.7
951970101,68.9
940520103,71.0
912860103,55.0
751197312,90.2
751197313,87.5
940380107,48.6
913260102,75.5
913260103,67.6
913260202,79.1
913450108,65.8
940410206,70.3
940590105,13.8
751197406,95.4
930660903,73.5
913400101,46.0
751197407,91.5
751197409,85.0
920070103,75.2
920070104,53.9
913400102,19.8
751197501,94.5
751197502,91.0
913630101,69.2
913630102,42.6
913630103,48.4
915490112,52.0
913770102,66.6
913770103,65.0
913770104,63.6
913770105,68.7
913770106,75.8
751197513,95.7
940600101,40.5
930450105,82.5
914340103,41.1
914340105,43.9
914340106,40.8
751197519,88.8
914340107,44.9
751197524,87.6
951990101,35.6
751197601,96.9
751197602,90.5
920250102,53.7
912280119,21.1
914710102,62.2
751197606,86.6
751197607,48.3
920040504,73.0
914710104,29.6
914710105,69.6
914710106,44.0
940340112,43.1
914770104,60.3
914770106,48.3
920500101,61.3
940030107,61.8
914770107,71.4
914770108,42.6
914770109,71.2
751197608,60.5
914790102,62.0
951990102,25.2
955850120,26.4
751207701,94.3
940800102,78.3
915210103,73.4
951990103,45.3
751207704,95.4
751207705,60.2
751207706,94.6
751207707,94.4
940810301,39.6
940770106,40.6
915490101,52.6
915490102,38.9
915520102,35.1
915520103,28.0
915520104,40.7
915530101,57.8
785510111,37.6
951990104,37.1
915530102,69.0
915530103,37.6
930060104,85.5
940810211,48.5
915700101,40.3
915700102,44.0
915700104,31.4
915700105,49.9
915700106,24.7
915700108,37.6
915730101,6.9
751207710,91.7
940280302,69.9
915730102,66.5
915730104,38.3
751207711,87.2
915730105,31.0
951990105,28.4
920250209,58.6
751207714,79.8
930660907,83.6
950510103,31.4
751207801,91.9
751207804,79.4
751207807,94.1
915890101,34.9
915890104,50.5
751207904,90.1
916000102,58.2
770830202,73.2
751207906,95.8
771080301,36.0
751176609,84.7
916450102,59.2
916450105,58.6
954760107,39.5
950910102,25.9
751207907,89.1
751155720,92.9
920250301,58.7
751208002,95.3
916570101,76.1
916570102,48.6
916570105,68.8
751208007,95.3
916570107,56.1
916570109,53.9
916570110,41.7
916610102,44.6
751208019,94.0
916610103,73.5
751208003,91.7
950190102,60.9
930140102,15.9
916870103,33.5
916870105,47.6
940220206,62.1
920120103,84.0
916870106,36.8
916870107,43.1
916910106,61.5
916910107,58.8
916920101,44.6
751176803,76.9
916920103,62.2
916920104,64.5
920250302,20.2
786460604,78.1
751176808,93.5
751176811,91.2
916920108,74.9
920020101,62.4
920020104,41.5
920020105,61.5
920020107,64.2
920020201,68.8
920020203,49.4
920190101,66.4
920190103,24.2
920190104,26.5
920190105,45.0
920190106,11.9
920190107,34.1
920230401,39.6
751135106,94.1
920230402,51.2
920230501,27.4
920230503,26.8
920230504,57.2
920230505,31.1
920230506,51.7
920230507,56.8
920360404,45.0
920360503,64.0
920360504,60.7
920400103,73.1
920400201,75.9
920400202,75.9
920400203,45.5
920400301,51.5
930290904,70.8
920480107,28.4
920480202,72.9
920480203,74.2
920480204,56.5
920480206,53.7
920480207,36.0
920500511,76.0
920500605,69.7
751186901,96.6
920500606,61.4
920500607,64.2
920320110,49.8
930270115,56.7
920600101,35.1
920600102,57.1
920600105,51.2
920240101,85.9
920600106,21.6
920600107,64.1
920600108,28.5
920600109,48.8
920640104,71.1
920620102,76.3
920140108,55.3
920620203,71.1
920620204,79.8
920620302,82.8
920720102,33.9
920720103,46.4
751186921,80.5
751186922,95.4
751186923,92.5
920720104,55.1
920720105,76.2
920720106,64.6
920720107,73.7
920720108,55.6
920720109,40.9
920730102,78.0
920730104,77.9
920730106,76.9
920730108,67.8
920770102,35.0
920770103,55.2
920770104,46.1
920770106,48.0
920780101,59.0
920780102,43.7
920780103,64.2
920780105,65.5
920780107,71.4
920780108,35.8
920780109,72.4
920780110,70.3
930050101,70.9
930050103,37.4
930050203,42.3
930050204,15.7
930050206,33.0
930050207,50.0
930050805,36.0
930050901,57.3
930050902,56.5
930050903,65.6
930060101,81.2
930060102,93.9
930060103,86.7
930060105,90.5
930060107,87.4
930060108,86.4
930070102,68.6
930070103,39.3
930070105,51.8
920330101,50.2
930070106,28.4
930070112,52.5
930070116,62.2
774790104,12.1
930070118,76.7
920780104,65.5
930070119,44.8
930070120,53.2
930070121,36.3
930080110,69.1
771690101,76.9
771690102,33.4
751187105,81.5
771710101,67.0
771710102,39.5
751051803,90.7
930080101,76.7
920500701,57.0
930080102,50.8
930080103,57.4
930080104,74.6
930080106,64.0
930080107,28.1
930080108,43.9
930080111,57.1
930080112,67.8
930080113,66.7
930080115,75.4
930080116,44.6
930080117,64.9
930080118,74.9
930080119,56.4
930080120,79.1
930270118,69.4
930270103,44.4
930270104,55.3
930270105,67.5
930270109,74.0
930270110,40.3
930300101,76.8
930300102,26.9
930300103,46.3
930310104,73.0
771860103,71.0
920440116,86.1
771860104,69.2
771860105,67.7
771860106,36.3
930320105,43.9
951270127,47.9
930320112,52.8
930320113,43.3
930320115,40.8
930470104,31.6
930470105,54.5
930470108,16.9
930470109,15.7
751166201,85.1
751166202,73.2
930470110,28.3
930470111,27.6
930470112,40.2
930480101,89.5
930500104,67.2
930500108,12.6
772880203,60.6
930500109,22.7
930500110,22.0
930500111,11.7
751197408,81.6
930500112,71.6
930500114,82.8
930550102,79.0
920220108,60.6
751166112,74.5
920220109,53.8
920230101,19.4
930510101,59.5
930510102,28.3
930510103,62.1
930510106,42.4
930510201,49.1
930510202,83.1
930510301,63.7
930510302,74.8
930510303,25.0
930510304,38.0
930510401,54.6
930510402,36.5
930510501,64.7
930590105,22.6
930660403,55.6
930660501,51.3
930660503,68.1
951270130,47.7
930660601,48.7
930660602,73.0
930660702,77.5
930490104,39.3
930661101,72.8
930661102,76.1
930661501,83.7
930700101,71.0
930700103,70.6
930700106,84.6
751197514,54.7
785170105,49.4
930710115,28.3
751166120,83.7
930710116,42.8
930710117,35.9
930710118,37.8
930710119,56.5
930710120,34.7
930710121,56.1
930720102,28.3
930740101,70.6
930630102,68.9
930740102,45.1
930770101,42.0
930770102,36.5
930770103,18.3
930770104,40.3
930770105,59.0
930770108,60.0
930770109,50.1
940020101,66.0
940020103,65.5
940020109,69.0
940020201,65.8
940020203,69.9
940020204,62.7
940020206,25.3
940150106,66.1
940160101,67.7
940160103,57.4
940160104,60.2
940160105,51.3
940160108,64.2
940160109,76.9
940160110,77.8
940170101,67.3
940170501,65.4
940170601,65.0
940170702,56.9
940170703,69.1
940170704,68.8
940170901,52.2
940370102,65.4
940171001,48.8
940171101,37.3
940171102,39.2
940171103,33.8
940171202,17.5
940171203,17.2
940171204,24.4
940171301,65.8
920250205,63.9
940370103,81.3
940280104,51.7
940280202,58.9
940710101,41.6
940280204,56.0
751197616,38.8
940280206,53.2
940280207,72.8
940280208,59.7
940280210,51.1
940280212,75.5
940280215,69.5
751186917,80.6
940280301,73.6
940280303,66.7
940280304,52.4
940280305,66.6
940280306,68.5
940280307,46.3
940280405,50.1
940280407,37.9
940280408,47.8
940330102,75.9
940330103,78.2
772580101,71.1
940330104,57.4
940330105,61.2
940330106,51.1
940330119,53.8
751124602,75.3
940340102,46.3
940340103,33.0
940340104,36.3
940340105,59.6
940340107,32.1
940340108,21.6
751124604,71.5
940340109,57.5
940370104,63.7
940370107,80.6
940370108,49.7
940380113,61.7
940410101,78.4
940410102,67.4
940410103,80.5
940410104,55.8
940410106,75.6
940410208,84.9
940410301,79.6
940410302,77.5
940410304,69.7
940420101,55.2
940420102,58.0
940420103,51.8
940420104,42.6
940420106,66.4
940460101,73.3
940460104,69.7
940460105,62.4
940460106,58.1
940460107,76.0
940460108,40.2
940460202,56.4
940460203,58.5
940460204,70.2
940600103,41.6
751207708,93.3
940600104,19.9
940600105,74.6
940650102,32.3
940710105,52.6
940710106,31.6
940710107,60.2
940710108,35.0
920460108,69.2
772840102,54.9
940710109,43.8
772840202,47.3
772840302,39.1
772840501,12.3
772840503,17.8
940770107,30.1
940710111,81.0
940730102,35.6
772840802,46.6
940730103,53.7
940730104,82.7
940730105,46.6
940730107,40.0
940730108,56.2
940730109,51.2
920620404,78.6
940730111,51.2
772850103,51.5
940750102,44.9
940750103,38.2
772880102,51.2
940750104,52.9
940760102,73.4
940760103,69.3
940760104,63.3
772880601,72.5
940770108,66.3
940780101,59.6
955850102,33.8
940780102,65.1
940780103,49.2
940780201,78.7
940790106,64.3
940790107,66.9
940800301,76.0
940800302,60.5
940800303,82.0
940800304,86.9
940800305,79.9
940800306,83.2
940800402,76.3
954880102,55.6
950180304,51.4
950180102,51.3
950180602,35.1
950180606,25.5
950180701,35.9
950180702,49.4
950180703,26.2
950180801,37.3
950180802,69.9
950180901,60.5
751207816,98.1
950910103,51.0
950390101,63.8
950390102,60.9
950390103,32.2
955850122,12.3
950600101,72.5
950630105,20.7
950630110,45.3
950630111,50.6
951270106,65.1
751208021,88.6
951270110,47.4
951270114,34.3
951270116,28.6
951270121,36.0
773330103,62.1
954280103,62.2
916870110,38.1
916870104,22.7
952180106,61.3
771220203,44.2
774450302,31.6
952030109,47.9
954760108,34.5
920480205,57.6
952050103,63.4
920720110,40.1
920730103,78.2
952190301,63.4
950181001,48.8
751155804,95.9
930050102,42.1
952100201,72.3
952100501,41.8
751207911,95.9
952180107,60.0
930070104,20.8
951990106,41.7
940810305,76.1
774680203,64.0
774680204,24.1
952500101,39.8
952190501,68.8
940810206,66.7
781580107,62.2
930050601,31.2
951990107,34.7
952030103,73.1
952030106,57.8
952030107,70.5
952520116,69.2
952680102,10.6
952680104,37.1
952680106,44.0
952680113,39.2
953060101,57.2
952770202,35.5
952770302,39.9
952770401,62.8
952770501,68.6
952800101,39.5
952800102,49.4
952800103,25.8
952800104,25.7
952800105,6.7
953060107,29.7
952800110,66.4
952880102,29.3
953060102,65.9
920330107,24.0
953060103,48.8
953060105,44.2
953130103,49.3
920330108,23.5
920350101,70.5
920350102,73.0
953230105,52.5
953230106,22.2
953130105,77.6
953230101,63.0
953510103,30.0
953940109,38.9
954240101,45.8
780730103,39.6
780730104,21.5
780730105,55.2
940340106,58.7
940420105,52.0
954760102,65.0
954760104,38.6
954800101,29.0
954800102,51.4
954870101,59.1
954870104,34.3
954910102,64.7
954910103,75.0
954910104,43.6
955000103,46.1
950180203,64.3
781230101,66.7
955000304,75.3
930060110,85.1
955000601,59.9
955000801,58.9
930480205,75.4
955000901,65.6
956370104,28.2
772840403,8.7
781260105,35.8
955740103,31.1
955390101,58.0
955850124,26.5
955720112,55.7
955550102,56.5
955550103,78.0
955550106,76.4
955720101,34.6
955720102,65.5
955720103,71.4
955820106,63.9
955740102,40.1
955820107,63.0
950180303,50.1
955820101,77.9
955820102,70.1
955820103,71.7
751103701,90.6
955820104,72.9
955820105,47.0
920320108,48.6
920360204,69.9
920360301,70.6
920360302,78.7
955850106,10.1
955850107,18.7
955850109,16.7
955850110,14.2
955850111,15.1
955980101,60.3
770670103,64.1
956070102,50.6
956070103,53.9
956070104,36.4
956070105,72.5
956370106,35.6
951270111,58.8
956800105,53.2
956800108,47.3
956800112,38.2
956800114,10.2
783110103,34.7
783110201,41.7
783220102,64.8
955000401,32.7
783350105,62.3
783610120,34.2
783830104,27.3
783830107,31.0
784010104,75.8
784810106,48.8
784810107,34.5
784860102,51.8
920120107,72.2
915210104,51.3
786210102,47.5
786210103,38.9
786400108,19.3
786420103,49.5
786420104,75.2
786460203,47.0
920120602,80.0
786740102,29.2
786860102,49.6
930100201,45.9
910210103,55.8
910270102,56.5
910270103,68.1
910270104,76.3
930050209,13.9
920200104,66.3
910860102,38.1
910860103,22.6
911140103,42.9
911220104,32.4
773500201,34.9
930050303,47.4
912160101,50.2
912230101,76.5
912280106,55.4
912280107,42.3
950600103,28.3
912720101,71.0
912720109,23.8
913120104,67.2
914210105,33.2
914710103,52.7
914770102,40.3
751124605,78.2
751124606,88.2
751124608,85.3
940020106,75.9
775140103,25.0
916450101,39.7
916450103,70.0
916450104,43.1
930050304,37.2
916910104,54.2
916920105,17.2
920020406,36.6
920040102,76.2
920040402,74.2
920040403,69.2
920040404,72.2
920040704,62.5
920090105,79.1
920090108,83.2
920120503,77.5
920140103,64.5
920140104,62.7
920140105,68.5
920140106,59.4
920140107,39.4
920220106,23.9
920240402,87.2
920240404,80.9
920240502,86.0
920240504,89.2
920250106,62.7
920250107,59.7
920250108,73.6
920250109,64.9
920250206,70.0
920250207,38.6
920250210,64.8
920350110,55.2
920350112,77.9
920360101,39.2
920360303,73.3
920360402,58.8
920360403,77.0
920360501,71.8
920360502,67.8
920480105,53.6
920480201,59.6
920500702,61.8
920510102,84.9
920620202,54.5
920230301,61.4
920230302,46.1
920640103,48.8
920730110,70.7
930010602,79.1
920230304,74.4
920240102,80.4
920240103,84.5
930290201,67.8
930290403,74.0
930290903,70.5
930310103,44.5
920240201,78.6
930480903,68.9
930550403,64.9
930660302,62.7
930660906,69.4
930730201,12.3
920240301,41.3
920240304,88.9
940160106,66.2
920240401,82.6
920240601,84.2
786500103,48.7
940280102,59.6
940460103,61.6
940680204,71.7
940680504,49.6
920250103,74.1
940780104,46.2
940800103,39.6
940810111,74.8
920250105,47.0
920250110,43.9
920250111,73.2
920250113,72.5
950180902,77.1
930050403,18.9
930050501,58.9
930050502,23.8
930050503,17.9
751207808,95.6
950520103,25.2
751208004,97.1
786500105,59.5
784180101,38.2
911050103,47.7
951270107,13.7
951270113,55.0
950180903,55.3
916920102,48.8
751155916,85.8
920620201,77.9
920710108,25.9
930140109,11.6
930310502,70.5
930310601,64.8
930460114,49.0
930480902,78.6
930630105,75.2
786880102,48.0
910270107,61.9
920190111,56.1
940040106,43.9
920400502,78.8
920440112,89.1
920440114,78.1
955000501,52.3
940190104,65.6
940460205,74.0
940460109,71.9
940520101,71.7
940170102,70.7
940170103,75.9
772510105,20.1
930640102,24.5
751187106,79.4
940410211,74.8
952030108,42.6
955850125,35.5
952190201,69.8
952190202,55.4
940760107,59.0
950181002,83.2
751207912,95.9
751207913,93.0
751207914,86.8
751207915,96.3
930060112,51.0
751208023,93.5
930290203,60.9
930660402,38.1
930320106,54.6
785860801,22.9
785860802,23.4
785860901,28.4
930480702,85.2
930480703,76.5
930700111,86.3
783580109,30.7
930700115,92.0
784180105,41.5
784230103,43.5
784230104,45.5
784230105,35.3
930290102,59.6
930290202,66.7
751176612,94.7
784180103,30.8
784180104,26.1
751166217,82.2
952190101,40.9
751114303,88.1
751208006,94.1
786460503,40.7
920350106,43.3
910270109,32.9
940280403,30.3
950630104,34.8
751062308,91.9
952500104,47.4
751103910,90.0
751093303,93.9
920120703,66.3
952030104,50.5
780050104,19.4
751104007,87.0
920360102,27.1
751114102,95.4
782080103,29.3
920400401,72.4
920400402,77.9
940330107,58.1
751114209,86.9
772880502,28.4
751051701,96.2
771530102,56.4
955720106,38.6
930530105,50.1
751114212,96.9
772150101,54.6
751114313,93.7
920120707,79.2
920630806,43.7
930010402,52.5
930010502,77.1
952520101,67.2
751020701,94.9
930470106,12.6
940430109,48.4
952520111,36.4
952520112,14.8
914770103,60.9
751124620,82.7
751124621,94.2
751124622,92.7
912860105,25.2
915890112,47.8
751093602,97.2
930480206,78.1
780920101,33.4
751135006,80.5
781240102,42.4
781240103,35.9
916570108,10.0
751135016,80.4
781260111,36.3
783220105,69.7
783610111,18.0
913770108,79.2
751155801,90.7
751155815,93.0
751155911,81.1
751155918,82.7
784550102,48.3
751156008,55.1
751156012,81.5
914770101,71.7
751166107,86.3
785450104,48.0
751166121,71.2
785710101,60.8
751166205,80.4
930500105,44.0
751166304,81.9
786740104,26.5
954280301,49.3
751176610,92.4
751176615,74.7
751176702,94.0
751176703,82.0
751176708,86.3
751176804,85.0
920490104,86.5
940220105,64.1
912010109,46.9
751186927,92.3
920240602,85.5
751187008,91.5
920490107,87.1
751197401,85.2
751197404,83.4
951970106,40.1
751197505,81.5
940680602,44.0
954760105,46.3
751197517,95.0
940670103,86.3
920490114,76.8
915210101,43.6
915490115,44.7
751207702,93.3
751207703,79.9
751207901,93.2
920250211,52.9
751208018,91.4
916920107,41.7
920070115,60.3
930480102,84.9
930480103,85.0
930550202,73.8
930510404,50.2
930700104,86.1
930700105,66.0
751062202,79.3
940280406,27.3
940780105,21.0
950510104,28.2
952100301,68.6
930050802,10.0
955550105,65.8
940110105,19.8
940460403,61.8
751208005,86.0
774380101,64.5
956800107,27.0
953060106,50.8
774680202,50.5
920120704,76.7
952770102,12.4
940780204,52.8
940780206,13.1
751041302,97.7
751051703,93.3
920630104,69.4
940590102,19.2
751208026,96.9
930570101,12.9
751051904,93.4
940410207,89.9
751010203,97.8
751072805,78.3
940760112,66.1
920040305,79.0
751197612,95.8
751176509,81.2
751093305,95.2
751145601,87.1
920440122,54.9
930100301,42.9
930050803,6.8
751103707,94.8
940680501,57.2
940460304,72.1
751051807,89.0
920320105,60.0
920320106,46.5
751114113,87.5
751114304,87.0
751114307,94.7
784900111,32.0
751062203,74.9
751062204,89.7
751208013,96.7
930450104,52.7
930450106,85.8
930550302,64.1
751145502,82.5
786460401,86.4
751124505,64.2
751124506,78.1
774070101,30.3
920350105,72.2
930050602,37.2
953880102,53.9
751103806,93.9
751103902,47.7
751020801,94.6
751072601,62.5
751072702,71.6
910270101,63.7
751207916,95.4
930480501,81.3
751124601,82.3
930481105,61.2
751166208,82.0
951970107,60.0
930490105,16.1
930490109,41.5
930500101,13.0
940550104,52.7
930530102,35.3
751134905,94.0
930530104,36.1
751135017,88.3
930590109,48.2
930610103,86.0
940670106,43.4
940680402,43.0
751145308,94.2
953940110,27.2
781720109,42.8
930640114,62.8
781720110,34.4
751155703,95.0
751155705,85.0
751155719,83.7
783610108,8.6
751155721,86.2
751155722,94.6
751155726,89.1
955980106,52.4
751155917,80.3
781580113,56.3
751156006,86.5
940810106,54.4
940810107,36.7
781900103,55.9
930270117,46.4
930710107,9.3
780730106,19.4
781460111,41.4
930570103,18.9
751166404,72.2
910860104,35.6
930011201,75.6
751176602,84.5
751103801,94.8
751176603,86.9
751176604,54.5
751176606,79.7
751176614,88.0
785510112,71.2
751176715,85.7
751010401,90.9
751187101,94.5
751176711,90.2
751197316,94.4
751197504,80.3
751197507,80.2
751197509,75.9
751197510,88.4
940370101,81.9
920070117,39.2
940210104,23.0
940220102,65.2
940680104,62.5
940330108,42.9
940330109,54.2
910270110,45.5
951970104,66.4
751103804,96.1
751103901,83.2
930550702,72.1
751187204,90.5
940110104,17.3
751197515,44.9
751207811,51.2
751207813,79.9
950630108,31.0
751208008,90.9
920250203,63.9
751062307,43.5
930661003,75.9
920120701,86.5
773900302,38.9
781650102,44.8
781900102,34.4
780290106,31.6
771080602,71.5
771080701,84.5
940780205,23.4
751103903,97.5
920120705,83.0
940220203,55.5
781650103,28.9
911610106,37.7
955850103,14.1
955850119,17.0
920400403,62.2
940410110,77.6
783220103,35.1
751103708,80.1
955000701,42.9
771520401,63.0
751114110,80.2
751114111,77.8
783580103,32.3
751114112,82.8
783610116,42.2
940330101,75.1
751114206,96.1
751114210,92.7
751114211,89.0
784230115,20.0
772150102,67.2
751114311,97.5
782080108,55.5
772880301,65.1
784550103,38.1
784810104,70.2
751062103,91.9
751062201,96.3
751114315,96.3
751114316,96.9
751114317,95.0
751114319,97.3
785450102,51.9
772580102,63.7
751062402,92.6
920500303,62.9
911610108,40.9
786400102,37.4
772940201,19.6
772960102,29.9
954240401,49.7
772960103,56.6
751124509,80.9
910270112,27.0
773260102,28.4
773260103,39.2
786500104,53.1
772960101,18.7
751082901,59.4
751020804,96.0
751020802,76.9
773790202,55.9
930010501,76.8
773730402,69.3
920440113,88.2
955850104,6.6
955850105,26.4
786460205,35.0
912160102,34.5
911740401,40.5
912000102,43.9
952520109,9.3
751135205,92.3
912280105,41.3
913770107,72.6
930470107,48.8
940540101,22.1
930480201,80.1
956370101,47.9
774680206,21.0
913120102,30.9
955000201,61.2
930100202,38.5
774680103,57.0
930070115,43.1
774700102,42.2
951270120,18.9
920460101,85.5
912010107,19.3
940540103,16.0
774790101,41.1
751124624,92.4
911610103,28.2
770140104,48.9
751093503,91.8
770140105,41.2
774870103,72.8
952680111,18.8
775140102,38.2
952520106,13.1
914790103,64.7
751093604,91.1
751093606,84.3
751093607,93.7
771080303,39.3
920120106,78.4
751124802,92.0
920020106,64.4
930480301,82.0
920480208,55.1
751124810,97.6
920040105,79.4
955850123,55.0
780620102,35.7
930480302,86.7
781230103,37.2
781230106,61.0
781240101,48.0
751135009,60.8
751135010,85.8
914340102,21.9
751135019,80.7
751135102,85.5
751135103,82.6
751135111,83.9
751135115,79.0
751135120,85.1
920090106,72.8
954280101,60.5
954280102,59.0
940690102,62.1
920250201,61.1
930010903,81.7
782970104,69.4
782970107,38.6
751145608,61.8
751145609,73.0
930011002,66.4
751145618,85.2
751145620,81.5
783110502,53.4
930080109,66.3
751155704,92.7
783540101,35.9
783540103,36.2
783610102,6.8
783610103,9.7
920230203,74.9
751155725,88.1
956800102,54.7
751155727,94.0
751155803,96.8
751155805,88.3
751155806,95.2
930590101,17.8
783970102,53.9
751155903,88.9
751155904,49.2
751155905,59.8
784010101,54.7
751155912,89.2
751155913,81.4
751156001,89.1
784900106,57.7
751156013,87.6
751156014,83.3
751156015,81.9
784810105,70.4
784900107,24.3
751156016,80.5
784980111,52.3
785170107,79.5
751166108,73.7
930100302,50.5
751166114,77.6
783110203,71.3
785370102,63.7
774790103,53.2
930290902,69.1
751166203,52.7
751166204,85.8
751166206,71.6
770830303,62.7
751166215,74.2
751166401,79.7
786400107,26.2
751166213,84.0
786740103,51.2
920240202,89.8
786860105,80.4
910270105,77.4
920240203,75.2
930660202,75.0
751176613,81.8
751176616,54.3
751176707,91.9
751176709,88.4
751176712,93.0
751176713,89.6
783110303,33.3
911220101,57.0
930730404,25.2
912150103,34.2
911910101,39.6
751186902,97.1
920490105,89.6
912230105,46.2
940330114,51.5
751187005,94.5
751124514,81.9
751187019,95.6
751187020,93.8
751187208,95.0
751197303,96.9
912860102,41.3
751145512,85.1
751197405,94.6
751197506,78.2
940580103,53.8
920250101,67.0
940650101,29.7
940680401,58.1
751197518,96.9
950630109,45.2
751197520,97.7
751124613,93.3
915490113,52.5
915490114,16.0
930570104,34.4
920250208,31.1
751207713,91.2
751207805,94.9
751207806,96.6
751207902,61.4
751124603,81.0
751207903,93.6
950190103,42.6
930050402,54.4
916570106,75.9
914320102,47.5
954880101,41.6
915730106,38.3
920020202,40.4
920190102,45.2
751145510,86.0
920500602,64.7
920040703,29.8
920620205,60.2
920730101,77.6
930050202,33.1
930070107,39.6
930070110,51.3
930070111,59.3
930070113,66.9
930060111,83.3
930070108,11.5
930300104,18.2
930320114,27.9
930500107,21.4
930660504,67.4
930660701,75.2
785510116,63.9
940020107,48.0
940020108,74.7
940170701,70.6
940171002,67.9
940370105,80.7
940460110,67.1
940460111,63.6
940460201,64.6
940180101,81.5
772840204,16.8
930590102,21.0
940790108,63.7
950180302,51.3
950180101,59.2
950180201,42.2
950180601,34.0
772850201,63.0
950630103,56.0
950600102,69.1
951270112,42.2
780050108,23.6
930050604,49.7
771390101,33.9
940180105,85.3
954870102,12.8
952520102,56.5
952520103,53.4
940680601,54.7
940740105,40.9
952050102,50.5
940210107,7.6
930050401,44.1
940800401,82.7
950630107,34.9
951270118,25.2
952030105,44.5
952770101,58.6
952770301,11.6
952880101,54.8
930050804,11.5
930500113,12.3
920440110,78.3
953710101,65.6
953710102,36.7
940280201,44.8
920460109,58.9
954870105,48.8
920360202,71.4
920360203,42.8
955720104,39.3
940520109,68.8
956370105,30.8
772940202,43.0
783610117,42.2
786460201,76.9
930050301,57.1
912010108,64.0
913770110,67.0
920360401,54.2
920490103,79.8
930480204,89.1
940220107,48.4
930010802,43.3
940410105,79.7
930050702,17.3
930050703,20.7
940170202,71.4
786500101,33.3
940170302,70.5
940170401,54.7
940170402,75.1
751208001,82.4
751176801,94.0
773730103,49.9
956800113,36.1
751114107,96.3
751114108,89.3
751114213,97.0
751010204,97.1
751114314,92.2
930700113,91.2
751062401,79.9
773500303,16.8
786460502,43.9
773730504,63.0
911140101,59.5
920040705,41.7
913260101,80.7
774950101,77.1
751124623,98.2
915490109,39.1
916910101,36.1
751124801,94.8
751135004,69.0
751155802,55.4
784980112,31.0
954280302,21.9
930660301,65.1
911140105,28.0
916870101,36.3
930070117,75.9
940020105,57.3
774680201,37.5
952520105,56.5
955980102,55.1
920440119,48.3
930050603,47.9
751114204,92.0
950630106,19.5
751207910,95.7
952680114,7.6
952800111,6.8
956800110,36.3
956800111,21.5
